Workbook

Sheet Setup
A1: TalentCore Global Laptop Scholarship 2026 — Setup
A2: Yellow cells can be changed. Everything else updates automatically.
A4: Test processing fee | B4: 650
A5: Laptops per district | B5: 5
A6: Phase | B6: Phase 1
A8: District | B8: Code
A9: Dadu | B9: DAD
A10: Jamshoro | B10: JAM
A11: Hyderabad | B11: HYD
A13: Category | B13: Classes | C13: Total Marks | D13: Time (min)
A14: A | B14: 4–5 | C14: 50 | D14: 60
A15: B | B15: 6–8 | C15: 60 | D15: 75
A16: C | B16: 9–10 | C16: 75 | D16: 90
A17: D | B17: 11–12 | C17: 100 | D17: 120
A19: How it works
A20: 1. Registrations: type each student's details (yellow cells). Roll Number and Category appear by themselves.
A21: 2. When the fee is received, set Fee Status to Paid and write the transaction ID.
A22: 3. After the test, type Marks Obtained. Percentage and District Rank are calculated automatically.
A23: 4. Only students with Fee Status = Paid and marks entered are ranked.
A24: 5. Merit List shows the Top 5 of each district. Ties: the younger student (later date of birth) ranks higher.
A25: 6. Summary shows registrations, paid students and fee collected by district and category.

Sheet Summary
A1: 📊 Summary — Registrations & Fee
A4: District | B4: Cat A | C4: Cat B | D4: Cat C | E4: Cat D | F4: Total Registered | G4: Fee Paid | H4: Fee Collected
A5: =Setup!$A$9 -> Dadu | B5: =COUNTIFS(Registrations!$I$5:$I$4004,Setup!$A$9,Registrations!$G$5:$G$4004,"A") -> 0 | C5: =COUNTIFS(Registrations!$I$5:$I$4004,Setup!$A$9,Registrations!$G$5:$G$4004,"B") -> 0 | D5: =COUNTIFS(Registrations!$I$5:$I$4004,Setup!$A$9,Registrations!$G$5:$G$4004,"C") -> 0 | E5: =COUNTIFS(Registrations!$I$5:$I$4004,Setup!$A$9,Registrations!$G$5:$G$4004,"D") -> 0 | F5: =COUNTIFS(Registrations!$I$5:$I$4004,Setup!$A$9,Registrations!$C$5:$C$4004,"<>") -> 0 | G5: =COUNTIFS(Registrations!$I$5:$I$4004,Setup!$A$9,Registrations!$M$5:$M$4004,"Paid") -> 0 | H5: =G5*Setup!$B$4 -> 0
A6: =Setup!$A$10 -> Jamshoro | B6: =COUNTIFS(Registrations!$I$5:$I$4004,Setup!$A$10,Registrations!$G$5:$G$4004,"A") -> 0 | C6: =COUNTIFS(Registrations!$I$5:$I$4004,Setup!$A$10,Registrations!$G$5:$G$4004,"B") -> 0 | D6: =COUNTIFS(Registrations!$I$5:$I$4004,Setup!$A$10,Registrations!$G$5:$G$4004,"C") -> 1 | E6: =COUNTIFS(Registrations!$I$5:$I$4004,Setup!$A$10,Registrations!$G$5:$G$4004,"D") -> 0 | F6: =COUNTIFS(Registrations!$I$5:$I$4004,Setup!$A$10,Registrations!$C$5:$C$4004,"<>") -> 1 | G6: =COUNTIFS(Registrations!$I$5:$I$4004,Setup!$A$10,Registrations!$M$5:$M$4004,"Paid") -> 1 | H6: =G6*Setup!$B$4 -> 650
A7: =Setup!$A$11 -> Hyderabad | B7: =COUNTIFS(Registrations!$I$5:$I$4004,Setup!$A$11,Registrations!$G$5:$G$4004,"A") -> 0 | C7: =COUNTIFS(Registrations!$I$5:$I$4004,Setup!$A$11,Registrations!$G$5:$G$4004,"B") -> 0 | D7: =COUNTIFS(Registrations!$I$5:$I$4004,Setup!$A$11,Registrations!$G$5:$G$4004,"C") -> 0 | E7: =COUNTIFS(Registrations!$I$5:$I$4004,Setup!$A$11,Registrations!$G$5:$G$4004,"D") -> 0 | F7: =COUNTIFS(Registrations!$I$5:$I$4004,Setup!$A$11,Registrations!$C$5:$C$4004,"<>") -> 0 | G7: =COUNTIFS(Registrations!$I$5:$I$4004,Setup!$A$11,Registrations!$M$5:$M$4004,"Paid") -> 0 | H7: =G7*Setup!$B$4 -> 0
A8: TOTAL | B8: =SUM(B5:B7) -> 0 | C8: =SUM(C5:C7) -> 0 | D8: =SUM(D5:D7) -> 1 | E8: =SUM(E5:E7) -> 0 | F8: =SUM(F5:F7) -> 1 | G8: =SUM(G5:G7) -> 1 | H8: =SUM(H5:H7) -> 650
A10: Laptops to award | B10: =Setup!B5*COUNTA(Setup!A9:A11) -> 15
A11: Unpaid registrations | B11: =COUNTIFS(Registrations!$C$5:$C$4004,"<>",Registrations!$M$5:$M$4004,"<>Paid") -> 0

Sheet Registrations
A1: Registrations & Results
A2: Yellow cells: type the details. Roll No, Category, Total Marks, Percentage, Rank and Laptop fill in automatically.
A4: S.No | B4: Roll No | C4: Student Name | D4: Father Name | E4: Gender | F4: Class | G4: Category | H4: Date of Birth | I4: District | J4: School / College | K4: B-Form / CNIC | L4: WhatsApp | M4: Fee Status | N4: Transaction ID | O4: Total Marks | P4: Marks Obtained | Q4: Percentage | R4: Score | S4: District Rank | T4: Laptop | U4: Key
A5: 1 | B5: =IF(OR(C5="",I5="",G5=""),"",IFERROR(VLOOKUP(I5,Setup!$A$9:$B$11,2,0),"???")&"-"&G5&"-"&TEXT(COUNTIFS(I$5:I5,I5,G$5:G5,G5),"0000")) -> JAM-C-0001 | C5: Ali Raza (example) | D5: Raza Khan | E5: Male | F5: 9 | G5: =IF(F5="","",IF(F5<=5,"A",IF(F5<=8,"B",IF(F5<=10,"C","D")))) -> C | H5: 40664 | I5: Jamshoro | J5: Govt High School Jamshoro | K5: 41306-1234567-1 | L5: 0300-1234567 | M5: Paid | N5: EP-123456 | O5: =IF(G5="","",VLOOKUP(G5,Setup!$A$14:$C$17,3,0)) -> 75 | P5: 68 | Q5: =IF(OR(P5="",M5<>"Paid",O5=""),"",P5/O5) -> 0.90666667 | R5: =IF(Q5="","",Q5+N(H5)*0.000000001) -> 0.90670733 | S5: =IF(R5="","",SUMPRODUCT((I$5:I$4004=I5)*ISNUMBER(R$5:R$4004)*(R$5:R$4004>R5))+1) -> 1 | T5: =IF(S5="","",IF(S5<=Setup!$B$5,"🏆 WINNER","")) -> 🏆 WINNER | U5: =IF(S5="","",I5&"|"&S5) -> Jamshoro|1
A6: 2 | B6: =IF(OR(C6="",I6="",G6=""),"",IFERROR(VLOOKUP(I6,Setup!$A$9:$B$11,2,0),"???")&"-"&G6&"-"&TEXT(COUNTIFS(I$5:I6,I6,G$5:G6,G6),"0000")) | G6: =IF(F6="","",IF(F6<=5,"A",IF(F6<=8,"B",IF(F6<=10,"C","D")))) | O6: =IF(G6="","",VLOOKUP(G6,Setup!$A$14:$C$17,3,0)) | Q6: =IF(OR(P6="",M6<>"Paid",O6=""),"",P6/O6) | R6: =IF(Q6="","",Q6+N(H6)*0.000000001) | S6: =IF(R6="","",SUMPRODUCT((I$5:I$4004=I6)*ISNUMBER(R$5:R$4004)*(R$5:R$4004>R6))+1) | T6: =IF(S6="","",IF(S6<=Setup!$B$5,"🏆 WINNER","")) | U6: =IF(S6="","",I6&"|"&S6)
A7: 3 | B7: =IF(OR(C7="",I7="",G7=""),"",IFERROR(VLOOKUP(I7,Setup!$A$9:$B$11,2,0),"???")&"-"&G7&"-"&TEXT(COUNTIFS(I$5:I7,I7,G$5:G7,G7),"0000")) | G7: =IF(F7="","",IF(F7<=5,"A",IF(F7<=8,"B",IF(F7<=10,"C","D")))) | O7: =IF(G7="","",VLOOKUP(G7,Setup!$A$14:$C$17,3,0)) | Q7: =IF(OR(P7="",M7<>"Paid",O7=""),"",P7/O7) | R7: =IF(Q7="","",Q7+N(H7)*0.000000001) | S7: =IF(R7="","",SUMPRODUCT((I$5:I$4004=I7)*ISNUMBER(R$5:R$4004)*(R$5:R$4004>R7))+1) | T7: =IF(S7="","",IF(S7<=Setup!$B$5,"🏆 WINNER","")) | U7: =IF(S7="","",I7&"|"&S7)
A8: 4 | B8: =IF(OR(C8="",I8="",G8=""),"",IFERROR(VLOOKUP(I8,Setup!$A$9:$B$11,2,0),"???")&"-"&G8&"-"&TEXT(COUNTIFS(I$5:I8,I8,G$5:G8,G8),"0000")) | G8: =IF(F8="","",IF(F8<=5,"A",IF(F8<=8,"B",IF(F8<=10,"C","D")))) | O8: =IF(G8="","",VLOOKUP(G8,Setup!$A$14:$C$17,3,0)) | Q8: =IF(OR(P8="",M8<>"Paid",O8=""),"",P8/O8) | R8: =IF(Q8="","",Q8+N(H8)*0.000000001) | S8: =IF(R8="","",SUMPRODUCT((I$5:I$4004=I8)*ISNUMBER(R$5:R$4004)*(R$5:R$4004>R8))+1) | T8: =IF(S8="","",IF(S8<=Setup!$B$5,"🏆 WINNER","")) | U8: =IF(S8="","",I8&"|"&S8)
A9: 5 | B9: =IF(OR(C9="",I9="",G9=""),"",IFERROR(VLOOKUP(I9,Setup!$A$9:$B$11,2,0),"???")&"-"&G9&"-"&TEXT(COUNTIFS(I$5:I9,I9,G$5:G9,G9),"0000")) | G9: =IF(F9="","",IF(F9<=5,"A",IF(F9<=8,"B",IF(F9<=10,"C","D")))) | O9: =IF(G9="","",VLOOKUP(G9,Setup!$A$14:$C$17,3,0)) | Q9: =IF(OR(P9="",M9<>"Paid",O9=""),"",P9/O9) | R9: =IF(Q9="","",Q9+N(H9)*0.000000001) | S9: =IF(R9="","",SUMPRODUCT((I$5:I$4004=I9)*ISNUMBER(R$5:R$4004)*(R$5:R$4004>R9))+1) | T9: =IF(S9="","",IF(S9<=Setup!$B$5,"🏆 WINNER","")) | U9: =IF(S9="","",I9&"|"&S9)
A10: 6 | B10: =IF(OR(C10="",I10="",G10=""),"",IFERROR(VLOOKUP(I10,Setup!$A$9:$B$11,2,0),"???")&"-"&G10&"-"&TEXT(COUNTIFS(I$5:I10,I10,G$5:G10,G10),"0000")) | G10: =IF(F10="","",IF(F10<=5,"A",IF(F10<=8,"B",IF(F10<=10,"C","D")))) | O10: =IF(G10="","",VLOOKUP(G10,Setup!$A$14:$C$17,3,0)) | Q10: =IF(OR(P10="",M10<>"Paid",O10=""),"",P10/O10) | R10: =IF(Q10="","",Q10+N(H10)*0.000000001) | S10: =IF(R10="","",SUMPRODUCT((I$5:I$4004=I10)*ISNUMBER(R$5:R$4004)*(R$5:R$4004>R10))+1) | T10: =IF(S10="","",IF(S10<=Setup!$B$5,"🏆 WINNER","")) | U10: =IF(S10="","",I10&"|"&S10)
A11: 7 | B11: =IF(OR(C11="",I11="",G11=""),"",IFERROR(VLOOKUP(I11,Setup!$A$9:$B$11,2,0),"???")&"-"&G11&"-"&TEXT(COUNTIFS(I$5:I11,I11,G$5:G11,G11),"0000")) | G11: =IF(F11="","",IF(F11<=5,"A",IF(F11<=8,"B",IF(F11<=10,"C","D")))) | O11: =IF(G11="","",VLOOKUP(G11,Setup!$A$14:$C$17,3,0)) | Q11: =IF(OR(P11="",M11<>"Paid",O11=""),"",P11/O11) | R11: =IF(Q11="","",Q11+N(H11)*0.000000001) | S11: =IF(R11="","",SUMPRODUCT((I$5:I$4004=I11)*ISNUMBER(R$5:R$4004)*(R$5:R$4004>R11))+1) | T11: =IF(S11="","",IF(S11<=Setup!$B$5,"🏆 WINNER","")) | U11: =IF(S11="","",I11&"|"&S11)
A12: 8 | B12: =IF(OR(C12="",I12="",G12=""),"",IFERROR(VLOOKUP(I12,Setup!$A$9:$B$11,2,0),"???")&"-"&G12&"-"&TEXT(COUNTIFS(I$5:I12,I12,G$5:G12,G12),"0000")) | G12: =IF(F12="","",IF(F12<=5,"A",IF(F12<=8,"B",IF(F12<=10,"C","D")))) | O12: =IF(G12="","",VLOOKUP(G12,Setup!$A$14:$C$17,3,0)) | Q12: =IF(OR(P12="",M12<>"Paid",O12=""),"",P12/O12) | R12: =IF(Q12="","",Q12+N(H12)*0.000000001) | S12: =IF(R12="","",SUMPRODUCT((I$5:I$4004=I12)*ISNUMBER(R$5:R$4004)*(R$5:R$4004>R12))+1) | T12: =IF(S12="","",IF(S12<=Setup!$B$5,"🏆 WINNER","")) | U12: =IF(S12="","",I12&"|"&S12)
A13: 9 | B13: =IF(OR(C13="",I13="",G13=""),"",IFERROR(VLOOKUP(I13,Setup!$A$9:$B$11,2,0),"???")&"-"&G13&"-"&TEXT(COUNTIFS(I$5:I13,I13,G$5:G13,G13),"0000")) | G13: =IF(F13="","",IF(F13<=5,"A",IF(F13<=8,"B",IF(F13<=10,"C","D")))) | O13: =IF(G13="","",VLOOKUP(G13,Setup!$A$14:$C$17,3,0)) | Q13: =IF(OR(P13="",M13<>"Paid",O13=""),"",P13/O13) | R13: =IF(Q13="","",Q13+N(H13)*0.000000001) | S13: =IF(R13="","",SUMPRODUCT((I$5:I$4004=I13)*ISNUMBER(R$5:R$4004)*(R$5:R$4004>R13))+1) | T13: =IF(S13="","",IF(S13<=Setup!$B$5,"🏆 WINNER","")) | U13: =IF(S13="","",I13&"|"&S13)
A14: 10 | B14: =IF(OR(C14="",I14="",G14=""),"",IFERROR(VLOOKUP(I14,Setup!$A$9:$B$11,2,0),"???")&"-"&G14&"-"&TEXT(COUNTIFS(I$5:I14,I14,G$5:G14,G14),"0000")) | G14: =IF(F14="","",IF(F14<=5,"A",IF(F14<=8,"B",IF(F14<=10,"C","D")))) | O14: =IF(G14="","",VLOOKUP(G14,Setup!$A$14:$C$17,3,0)) | Q14: =IF(OR(P14="",M14<>"Paid",O14=""),"",P14/O14) | R14: =IF(Q14="","",Q14+N(H14)*0.000000001) | S14: =IF(R14="","",SUMPRODUCT((I$5:I$4004=I14)*ISNUMBER(R$5:R$4004)*(R$5:R$4004>R14))+1) | T14: =IF(S14="","",IF(S14<=Setup!$B$5,"🏆 WINNER","")) | U14: =IF(S14="","",I14&"|"&S14)
A15: 11 | B15: =IF(OR(C15="",I15="",G15=""),"",IFERROR(VLOOKUP(I15,Setup!$A$9:$B$11,2,0),"???")&"-"&G15&"-"&TEXT(COUNTIFS(I$5:I15,I15,G$5:G15,G15),"0000")) | G15: =IF(F15="","",IF(F15<=5,"A",IF(F15<=8,"B",IF(F15<=10,"C","D")))) | O15: =IF(G15="","",VLOOKUP(G15,Setup!$A$14:$C$17,3,0)) | Q15: =IF(OR(P15="",M15<>"Paid",O15=""),"",P15/O15) | R15: =IF(Q15="","",Q15+N(H15)*0.000000001) | S15: =IF(R15="","",SUMPRODUCT((I$5:I$4004=I15)*ISNUMBER(R$5:R$4004)*(R$5:R$4004>R15))+1) | T15: =IF(S15="","",IF(S15<=Setup!$B$5,"🏆 WINNER","")) | U15: =IF(S15="","",I15&"|"&S15)
A16: 12 | B16: =IF(OR(C16="",I16="",G16=""),"",IFERROR(VLOOKUP(I16,Setup!$A$9:$B$11,2,0),"???")&"-"&G16&"-"&TEXT(COUNTIFS(I$5:I16,I16,G$5:G16,G16),"0000")) | G16: =IF(F16="","",IF(F16<=5,"A",IF(F16<=8,"B",IF(F16<=10,"C","D")))) | O16: =IF(G16="","",VLOOKUP(G16,Setup!$A$14:$C$17,3,0)) | Q16: =IF(OR(P16="",M16<>"Paid",O16=""),"",P16/O16) | R16: =IF(Q16="","",Q16+N(H16)*0.000000001) | S16: =IF(R16="","",SUMPRODUCT((I$5:I$4004=I16)*ISNUMBER(R$5:R$4004)*(R$5:R$4004>R16))+1) | T16: =IF(S16="","",IF(S16<=Setup!$B$5,"🏆 WINNER","")) | U16: =IF(S16="","",I16&"|"&S16)
A17: 13 | B17: =IF(OR(C17="",I17="",G17=""),"",IFERROR(VLOOKUP(I17,Setup!$A$9:$B$11,2,0),"???")&"-"&G17&"-"&TEXT(COUNTIFS(I$5:I17,I17,G$5:G17,G17),"0000")) | G17: =IF(F17="","",IF(F17<=5,"A",IF(F17<=8,"B",IF(F17<=10,"C","D")))) | O17: =IF(G17="","",VLOOKUP(G17,Setup!$A$14:$C$17,3,0)) | Q17: =IF(OR(P17="",M17<>"Paid",O17=""),"",P17/O17) | R17: =IF(Q17="","",Q17+N(H17)*0.000000001) | S17: =IF(R17="","",SUMPRODUCT((I$5:I$4004=I17)*ISNUMBER(R$5:R$4004)*(R$5:R$4004>R17))+1) | T17: =IF(S17="","",IF(S17<=Setup!$B$5,"🏆 WINNER","")) | U17: =IF(S17="","",I17&"|"&S17)
... A4004: 4000 | B4004: =IF(OR(C4004="",I4004="",G4004=""),"",IFERROR(VLOOKUP(I4004,Setup!$A$9:$B$11,2,0),"???")&"-"&G4004&"-"&TEXT(COUNTIFS(I$5:I4004,I4004,G$5:G4004,G4004),"0000")) | G4004: =IF(F4004="","",IF(F4004<=5,"A",IF(F4004<=8,"B",IF(F4004<=10,"C","D")))) | O4004: =IF(G4004="","",VLOOKUP(G4004,Setup!$A$14:$C$17,3,0)) | Q4004: =IF(OR(P4004="",M4004<>"Paid",O4004=""),"",P4004/O4004) | R4004: =IF(Q4004="","",Q4004+N(H4004)*0.000000001) | S4004: =IF(R4004="","",SUMPRODUCT((I$5:I$4004=I4004)*ISNUMBER(R$5:R$4004)*(R$5:R$4004>R4004))+1) | T4004: =IF(S4004="","",IF(S4004<=Setup!$B$5,"🏆 WINNER","")) | U4004: =IF(S4004="","",I4004&"|"&S4004)

Sheet Merit List
A1: 🏆 Merit List — Top 5 per District (Laptop Winners)
A2: Fills in automatically from the Registrations sheet. Only Paid students with marks are ranked.
A4: ="📍 District "&Setup!$A$9 -> 📍 District Dadu
A5: Rank | B5: Roll No | C5: Student Name | D5: Father Name | E5: Class | F5: Category | G5: School / College | H5: Percentage
A6: 1 | B6: =IFERROR(INDEX(Registrations!$B$5:$B$4004,MATCH(Setup!$A$9&"|1",Registrations!$U$5:$U$4004,0))&"","") | C6: =IFERROR(INDEX(Registrations!$C$5:$C$4004,MATCH(Setup!$A$9&"|1",Registrations!$U$5:$U$4004,0))&"","") | D6: =IFERROR(INDEX(Registrations!$D$5:$D$4004,MATCH(Setup!$A$9&"|1",Registrations!$U$5:$U$4004,0))&"","") | E6: =IFERROR(INDEX(Registrations!$F$5:$F$4004,MATCH(Setup!$A$9&"|1",Registrations!$U$5:$U$4004,0)),"") | F6: =IFERROR(INDEX(Registrations!$G$5:$G$4004,MATCH(Setup!$A$9&"|1",Registrations!$U$5:$U$4004,0))&"","") | G6: =IFERROR(INDEX(Registrations!$J$5:$J$4004,MATCH(Setup!$A$9&"|1",Registrations!$U$5:$U$4004,0))&"","") | H6: =IFERROR(INDEX(Registrations!$Q$5:$Q$4004,MATCH(Setup!$A$9&"|1",Registrations!$U$5:$U$4004,0)),"")
A7: 2 | B7: =IFERROR(INDEX(Registrations!$B$5:$B$4004,MATCH(Setup!$A$9&"|2",Registrations!$U$5:$U$4004,0))&"","") | C7: =IFERROR(INDEX(Registrations!$C$5:$C$4004,MATCH(Setup!$A$9&"|2",Registrations!$U$5:$U$4004,0))&"","") | D7: =IFERROR(INDEX(Registrations!$D$5:$D$4004,MATCH(Setup!$A$9&"|2",Registrations!$U$5:$U$4004,0))&"","") | E7: =IFERROR(INDEX(Registrations!$F$5:$F$4004,MATCH(Setup!$A$9&"|2",Registrations!$U$5:$U$4004,0)),"") | F7: =IFERROR(INDEX(Registrations!$G$5:$G$4004,MATCH(Setup!$A$9&"|2",Registrations!$U$5:$U$4004,0))&"","") | G7: =IFERROR(INDEX(Registrations!$J$5:$J$4004,MATCH(Setup!$A$9&"|2",Registrations!$U$5:$U$4004,0))&"","") | H7: =IFERROR(INDEX(Registrations!$Q$5:$Q$4004,MATCH(Setup!$A$9&"|2",Registrations!$U$5:$U$4004,0)),"")
A8: 3 | B8: =IFERROR(INDEX(Registrations!$B$5:$B$4004,MATCH(Setup!$A$9&"|3",Registrations!$U$5:$U$4004,0))&"","") | C8: =IFERROR(INDEX(Registrations!$C$5:$C$4004,MATCH(Setup!$A$9&"|3",Registrations!$U$5:$U$4004,0))&"","") | D8: =IFERROR(INDEX(Registrations!$D$5:$D$4004,MATCH(Setup!$A$9&"|3",Registrations!$U$5:$U$4004,0))&"","") | E8: =IFERROR(INDEX(Registrations!$F$5:$F$4004,MATCH(Setup!$A$9&"|3",Registrations!$U$5:$U$4004,0)),"") | F8: =IFERROR(INDEX(Registrations!$G$5:$G$4004,MATCH(Setup!$A$9&"|3",Registrations!$U$5:$U$4004,0))&"","") | G8: =IFERROR(INDEX(Registrations!$J$5:$J$4004,MATCH(Setup!$A$9&"|3",Registrations!$U$5:$U$4004,0))&"","") | H8: =IFERROR(INDEX(Registrations!$Q$5:$Q$4004,MATCH(Setup!$A$9&"|3",Registrations!$U$5:$U$4004,0)),"")
A9: 4 | B9: =IFERROR(INDEX(Registrations!$B$5:$B$4004,MATCH(Setup!$A$9&"|4",Registrations!$U$5:$U$4004,0))&"","") | C9: =IFERROR(INDEX(Registrations!$C$5:$C$4004,MATCH(Setup!$A$9&"|4",Registrations!$U$5:$U$4004,0))&"","") | D9: =IFERROR(INDEX(Registrations!$D$5:$D$4004,MATCH(Setup!$A$9&"|4",Registrations!$U$5:$U$4004,0))&"","") | E9: =IFERROR(INDEX(Registrations!$F$5:$F$4004,MATCH(Setup!$A$9&"|4",Registrations!$U$5:$U$4004,0)),"") | F9: =IFERROR(INDEX(Registrations!$G$5:$G$4004,MATCH(Setup!$A$9&"|4",Registrations!$U$5:$U$4004,0))&"","") | G9: =IFERROR(INDEX(Registrations!$J$5:$J$4004,MATCH(Setup!$A$9&"|4",Registrations!$U$5:$U$4004,0))&"","") | H9: =IFERROR(INDEX(Registrations!$Q$5:$Q$4004,MATCH(Setup!$A$9&"|4",Registrations!$U$5:$U$4004,0)),"")
A10: 5 | B10: =IFERROR(INDEX(Registrations!$B$5:$B$4004,MATCH(Setup!$A$9&"|5",Registrations!$U$5:$U$4004,0))&"","") | C10: =IFERROR(INDEX(Registrations!$C$5:$C$4004,MATCH(Setup!$A$9&"|5",Registrations!$U$5:$U$4004,0))&"","") | D10: =IFERROR(INDEX(Registrations!$D$5:$D$4004,MATCH(Setup!$A$9&"|5",Registrations!$U$5:$U$4004,0))&"","") | E10: =IFERROR(INDEX(Registrations!$F$5:$F$4004,MATCH(Setup!$A$9&"|5",Registrations!$U$5:$U$4004,0)),"") | F10: =IFERROR(INDEX(Registrations!$G$5:$G$4004,MATCH(Setup!$A$9&"|5",Registrations!$U$5:$U$4004,0))&"","") | G10: =IFERROR(INDEX(Registrations!$J$5:$J$4004,MATCH(Setup!$A$9&"|5",Registrations!$U$5:$U$4004,0))&"","") | H10: =IFERROR(INDEX(Registrations!$Q$5:$Q$4004,MATCH(Setup!$A$9&"|5",Registrations!$U$5:$U$4004,0)),"")
A12: ="📍 District "&Setup!$A$10 -> 📍 District Jamshoro
A13: Rank | B13: Roll No | C13: Student Name | D13: Father Name | E13: Class | F13: Category | G13: School / College | H13: Percentage
A14: 1 | B14: =IFERROR(INDEX(Registrations!$B$5:$B$4004,MATCH(Setup!$A$10&"|1",Registrations!$U$5:$U$4004,0))&"","") -> JAM-C-0001 | C14: =IFERROR(INDEX(Registrations!$C$5:$C$4004,MATCH(Setup!$A$10&"|1",Registrations!$U$5:$U$4004,0))&"","") -> Ali Raza (example) | D14: =IFERROR(INDEX(Registrations!$D$5:$D$4004,MATCH(Setup!$A$10&"|1",Registrations!$U$5:$U$4004,0))&"","") -> Raza Khan | E14: =IFERROR(INDEX(Registrations!$F$5:$F$4004,MATCH(Setup!$A$10&"|1",Registrations!$U$5:$U$4004,0)),"") -> 9 | F14: =IFERROR(INDEX(Registrations!$G$5:$G$4004,MATCH(Setup!$A$10&"|1",Registrations!$U$5:$U$4004,0))&"","") -> C | G14: =IFERROR(INDEX(Registrations!$J$5:$J$4004,MATCH(Setup!$A$10&"|1",Registrations!$U$5:$U$4004,0))&"","") -> Govt High School Jamshoro | H14: =IFERROR(INDEX(Registrations!$Q$5:$Q$4004,MATCH(Setup!$A$10&"|1",Registrations!$U$5:$U$4004,0)),"") -> 0.90666667
A15: 2 | B15: =IFERROR(INDEX(Registrations!$B$5:$B$4004,MATCH(Setup!$A$10&"|2",Registrations!$U$5:$U$4004,0))&"","") | C15: =IFERROR(INDEX(Registrations!$C$5:$C$4004,MATCH(Setup!$A$10&"|2",Registrations!$U$5:$U$4004,0))&"","") | D15: =IFERROR(INDEX(Registrations!$D$5:$D$4004,MATCH(Setup!$A$10&"|2",Registrations!$U$5:$U$4004,0))&"","") | E15: =IFERROR(INDEX(Registrations!$F$5:$F$4004,MATCH(Setup!$A$10&"|2",Registrations!$U$5:$U$4004,0)),"") | F15: =IFERROR(INDEX(Registrations!$G$5:$G$4004,MATCH(Setup!$A$10&"|2",Registrations!$U$5:$U$4004,0))&"","") | G15: =IFERROR(INDEX(Registrations!$J$5:$J$4004,MATCH(Setup!$A$10&"|2",Registrations!$U$5:$U$4004,0))&"","") | H15: =IFERROR(INDEX(Registrations!$Q$5:$Q$4004,MATCH(Setup!$A$10&"|2",Registrations!$U$5:$U$4004,0)),"")
A16: 3 | B16: =IFERROR(INDEX(Registrations!$B$5:$B$4004,MATCH(Setup!$A$10&"|3",Registrations!$U$5:$U$4004,0))&"","") | C16: =IFERROR(INDEX(Registrations!$C$5:$C$4004,MATCH(Setup!$A$10&"|3",Registrations!$U$5:$U$4004,0))&"","") | D16: =IFERROR(INDEX(Registrations!$D$5:$D$4004,MATCH(Setup!$A$10&"|3",Registrations!$U$5:$U$4004,0))&"","") | E16: =IFERROR(INDEX(Registrations!$F$5:$F$4004,MATCH(Setup!$A$10&"|3",Registrations!$U$5:$U$4004,0)),"") | F16: =IFERROR(INDEX(Registrations!$G$5:$G$4004,MATCH(Setup!$A$10&"|3",Registrations!$U$5:$U$4004,0))&"","") | G16: =IFERROR(INDEX(Registrations!$J$5:$J$4004,MATCH(Setup!$A$10&"|3",Registrations!$U$5:$U$4004,0))&"","") | H16: =IFERROR(INDEX(Registrations!$Q$5:$Q$4004,MATCH(Setup!$A$10&"|3",Registrations!$U$5:$U$4004,0)),"")
A17: 4 | B17: =IFERROR(INDEX(Registrations!$B$5:$B$4004,MATCH(Setup!$A$10&"|4",Registrations!$U$5:$U$4004,0))&"","") | C17: =IFERROR(INDEX(Registrations!$C$5:$C$4004,MATCH(Setup!$A$10&"|4",Registrations!$U$5:$U$4004,0))&"","") | D17: =IFERROR(INDEX(Registrations!$D$5:$D$4004,MATCH(Setup!$A$10&"|4",Registrations!$U$5:$U$4004,0))&"","") | E17: =IFERROR(INDEX(Registrations!$F$5:$F$4004,MATCH(Setup!$A$10&"|4",Registrations!$U$5:$U$4004,0)),"") | F17: =IFERROR(INDEX(Registrations!$G$5:$G$4004,MATCH(Setup!$A$10&"|4",Registrations!$U$5:$U$4004,0))&"","") | G17: =IFERROR(INDEX(Registrations!$J$5:$J$4004,MATCH(Setup!$A$10&"|4",Registrations!$U$5:$U$4004,0))&"","") | H17: =IFERROR(INDEX(Registrations!$Q$5:$Q$4004,MATCH(Setup!$A$10&"|4",Registrations!$U$5:$U$4004,0)),"")
A18: 5 | B18: =IFERROR(INDEX(Registrations!$B$5:$B$4004,MATCH(Setup!$A$10&"|5",Registrations!$U$5:$U$4004,0))&"","") | C18: =IFERROR(INDEX(Registrations!$C$5:$C$4004,MATCH(Setup!$A$10&"|5",Registrations!$U$5:$U$4004,0))&"","") | D18: =IFERROR(INDEX(Registrations!$D$5:$D$4004,MATCH(Setup!$A$10&"|5",Registrations!$U$5:$U$4004,0))&"","") | E18: =IFERROR(INDEX(Registrations!$F$5:$F$4004,MATCH(Setup!$A$10&"|5",Registrations!$U$5:$U$4004,0)),"") | F18: =IFERROR(INDEX(Registrations!$G$5:$G$4004,MATCH(Setup!$A$10&"|5",Registrations!$U$5:$U$4004,0))&"","") | G18: =IFERROR(INDEX(Registrations!$J$5:$J$4004,MATCH(Setup!$A$10&"|5",Registrations!$U$5:$U$4004,0))&"","") | H18: =IFERROR(INDEX(Registrations!$Q$5:$Q$4004,MATCH(Setup!$A$10&"|5",Registrations!$U$5:$U$4004,0)),"")
A20: ="📍 District "&Setup!$A$11 -> 📍 District Hyderabad
A21: Rank | B21: Roll No | C21: Student Name | D21: Father Name | E21: Class | F21: Category | G21: School / College | H21: Percentage
A22: 1 | B22: =IFERROR(INDEX(Registrations!$B$5:$B$4004,MATCH(Setup!$A$11&"|1",Registrations!$U$5:$U$4004,0))&"","") | C22: =IFERROR(INDEX(Registrations!$C$5:$C$4004,MATCH(Setup!$A$11&"|1",Registrations!$U$5:$U$4004,0))&"","") | D22: =IFERROR(INDEX(Registrations!$D$5:$D$4004,MATCH(Setup!$A$11&"|1",Registrations!$U$5:$U$4004,0))&"","") | E22: =IFERROR(INDEX(Registrations!$F$5:$F$4004,MATCH(Setup!$A$11&"|1",Registrations!$U$5:$U$4004,0)),"") | F22: =IFERROR(INDEX(Registrations!$G$5:$G$4004,MATCH(Setup!$A$11&"|1",Registrations!$U$5:$U$4004,0))&"","") | G22: =IFERROR(INDEX(Registrations!$J$5:$J$4004,MATCH(Setup!$A$11&"|1",Registrations!$U$5:$U$4004,0))&"","") | H22: =IFERROR(INDEX(Registrations!$Q$5:$Q$4004,MATCH(Setup!$A$11&"|1",Registrations!$U$5:$U$4004,0)),"")
A23: 2 | B23: =IFERROR(INDEX(Registrations!$B$5:$B$4004,MATCH(Setup!$A$11&"|2",Registrations!$U$5:$U$4004,0))&"","") | C23: =IFERROR(INDEX(Registrations!$C$5:$C$4004,MATCH(Setup!$A$11&"|2",Registrations!$U$5:$U$4004,0))&"","") | D23: =IFERROR(INDEX(Registrations!$D$5:$D$4004,MATCH(Setup!$A$11&"|2",Registrations!$U$5:$U$4004,0))&"","") | E23: =IFERROR(INDEX(Registrations!$F$5:$F$4004,MATCH(Setup!$A$11&"|2",Registrations!$U$5:$U$4004,0)),"") | F23: =IFERROR(INDEX(Registrations!$G$5:$G$4004,MATCH(Setup!$A$11&"|2",Registrations!$U$5:$U$4004,0))&"","") | G23: =IFERROR(INDEX(Registrations!$J$5:$J$4004,MATCH(Setup!$A$11&"|2",Registrations!$U$5:$U$4004,0))&"","") | H23: =IFERROR(INDEX(Registrations!$Q$5:$Q$4004,MATCH(Setup!$A$11&"|2",Registrations!$U$5:$U$4004,0)),"")
A24: 3 | B24: =IFERROR(INDEX(Registrations!$B$5:$B$4004,MATCH(Setup!$A$11&"|3",Registrations!$U$5:$U$4004,0))&"","") | C24: =IFERROR(INDEX(Registrations!$C$5:$C$4004,MATCH(Setup!$A$11&"|3",Registrations!$U$5:$U$4004,0))&"","") | D24: =IFERROR(INDEX(Registrations!$D$5:$D$4004,MATCH(Setup!$A$11&"|3",Registrations!$U$5:$U$4004,0))&"","") | E24: =IFERROR(INDEX(Registrations!$F$5:$F$4004,MATCH(Setup!$A$11&"|3",Registrations!$U$5:$U$4004,0)),"") | F24: =IFERROR(INDEX(Registrations!$G$5:$G$4004,MATCH(Setup!$A$11&"|3",Registrations!$U$5:$U$4004,0))&"","") | G24: =IFERROR(INDEX(Registrations!$J$5:$J$4004,MATCH(Setup!$A$11&"|3",Registrations!$U$5:$U$4004,0))&"","") | H24: =IFERROR(INDEX(Registrations!$Q$5:$Q$4004,MATCH(Setup!$A$11&"|3",Registrations!$U$5:$U$4004,0)),"")
A25: 4 | B25: =IFERROR(INDEX(Registrations!$B$5:$B$4004,MATCH(Setup!$A$11&"|4",Registrations!$U$5:$U$4004,0))&"","") | C25: =IFERROR(INDEX(Registrations!$C$5:$C$4004,MATCH(Setup!$A$11&"|4",Registrations!$U$5:$U$4004,0))&"","") | D25: =IFERROR(INDEX(Registrations!$D$5:$D$4004,MATCH(Setup!$A$11&"|4",Registrations!$U$5:$U$4004,0))&"","") | E25: =IFERROR(INDEX(Registrations!$F$5:$F$4004,MATCH(Setup!$A$11&"|4",Registrations!$U$5:$U$4004,0)),"") | F25: =IFERROR(INDEX(Registrations!$G$5:$G$4004,MATCH(Setup!$A$11&"|4",Registrations!$U$5:$U$4004,0))&"","") | G25: =IFERROR(INDEX(Registrations!$J$5:$J$4004,MATCH(Setup!$A$11&"|4",Registrations!$U$5:$U$4004,0))&"","") | H25: =IFERROR(INDEX(Registrations!$Q$5:$Q$4004,MATCH(Setup!$A$11&"|4",Registrations!$U$5:$U$4004,0)),"")
A26: 5 | B26: =IFERROR(INDEX(Registrations!$B$5:$B$4004,MATCH(Setup!$A$11&"|5",Registrations!$U$5:$U$4004,0))&"","") | C26: =IFERROR(INDEX(Registrations!$C$5:$C$4004,MATCH(Setup!$A$11&"|5",Registrations!$U$5:$U$4004,0))&"","") | D26: =IFERROR(INDEX(Registrations!$D$5:$D$4004,MATCH(Setup!$A$11&"|5",Registrations!$U$5:$U$4004,0))&"","") | E26: =IFERROR(INDEX(Registrations!$F$5:$F$4004,MATCH(Setup!$A$11&"|5",Registrations!$U$5:$U$4004,0)),"") | F26: =IFERROR(INDEX(Registrations!$G$5:$G$4004,MATCH(Setup!$A$11&"|5",Registrations!$U$5:$U$4004,0))&"","") | G26: =IFERROR(INDEX(Registrations!$J$5:$J$4004,MATCH(Setup!$A$11&"|5",Registrations!$U$5:$U$4004,0))&"","") | H26: =IFERROR(INDEX(Registrations!$Q$5:$Q$4004,MATCH(Setup!$A$11&"|5",Registrations!$U$5:$U$4004,0)),"")
